p,org_owner,org:{ORG_ID},canvas,create
p,org_owner,org:{ORG_ID},canvas,read
p,org_owner,org:{ORG_ID},canvas,update
p,org_owner,org:{ORG_ID},canvas,delete
p,org_owner,org:{ORG_ID},user,invite
p,org_owner,org:{ORG_ID},user,remove
p,org_admin,org:{ORG_ID},canvas,create
p,org_admin,org:{ORG_ID},canvas,read
p,org_admin,org:{ORG_ID},canvas,update
p,org_admin,org:{ORG_ID},canvas,delete
p,org_admin,org:{ORG_ID},user,invite
p,org_admin,org:{ORG_ID},user,remove
p,org_contributor,org:{ORG_ID},canvas,create
p,org_contributor,org:{ORG_ID},canvas,read
p,org_viewer,org:{ORG_ID},canvas,read